1001 southeast division street,999
1015 southeast main street,999
1025 southeast 11th avenue,999
1030 southeast grant street,999
1033 southeast main street,999
1101 southeast sherman street,999
1105 southeast main street,999
1106 southeast lincoln street,999
1107 southeast sherman street,999
1108 southeast lincoln street,999
1109 southeast madison street,999
1109 southeast sherman street,999
1110 southeast lincoln street,999
1111 southeast sherman street,999
1111 southeast stephens street,999
1113 southeast sherman street,999
1114 southeast lincoln street,999
1115 southeast caruthers street,999
1115 southeast division street,999
1115 southeast sherman street,999
1115 southeast stephens street,999
1116 southeast lincoln street,999
1118 southeast lincoln street,999
1121 southeast division street,999
1121 southeast harrison street,999
1125 southeast harrison street,999
1126 southeast division street,999
1129 southeast harrison street,999
1135 southeast grant street,999
1221 southeast main street,999
1223 southeast main street,999
1225 southeast main street,999
1227 southeast harrison street,999
1228 southeast 15th avenue,999
1229 southeast harrison street,999
1230 southeast 15th avenue,999
1230 southeast ivon street,999
1231 southeast harrison street,999
1232 southeast 15th avenue,999
1232 southeast ivon street,999
1233 southeast harrison street,999
1234 southeast 20th avenue,999
1235 southeast division street,0
1267 southeast ivon street,999
1271 southeast ivon street,999
1275 southeast ivon street,999
1301 southeast 19th avenue,999
1301 southeast harrison street,999
1303 southeast madison street,999
1304 southeast main street,999
1304 southeast palm street,999
1305 southeast 19th avenue,999
1305 southeast madison street,999
1306 southeast 19th avenue,999
1306 southeast main street,999
1307 southeast harrison street,999
1308 southeast division street,999
1309 southeast hawthorne boulevard,999
1310 southeast division street,999
1310 southeast hawthorne boulevard,999
1310 southeast palm street,999
1311 southeast 19th avenue,999
1311 southeast harrison street,999
1312 southeast division street,999
1314 southeast 19th avenue,999
1314 southeast madison street,999
1315 southeast 19th avenue,999
1315 southeast harrison street,999
1315 southeast main street,999
1318 southeast hawthorne boulevard,999
1318 southeast ivon street,999
1318 southeast madison street,999
1320 southeast ivon street,999
1321 southeast main street,999
1322 southeast 14th avenue,999
1322 southeast 20th avenue,999
1322 southeast hawthorne boulevard,999
1322 southeast main street,999
1323 southeast main street,999
1324 southeast main street,999
1326 southeast 14th avenue,999
1326 southeast main street,999
1327 southeast main street,999
1328 southeast 20th avenue,999
1328 southeast ivon street,999
1331 southeast madison street,999
1332 southeast birch street,999
1333 southeast madison street,999
1334 southeast 14th avenue,999
1334 southeast hawthorne boulevard,999
1334 southeast ivon street,999
1336 southeast 14th avenue,999
1336 southeast birch street,999
1336 southeast division street,999
1413 southeast hawthorne boulevard,999
1420 southeast main street,999
1421 southeast birch street,1
1425 southeast 20th avenue,999
1426 southeast 20th avenue,999
1426 southeast hawthorne boulevard,0
1428 southeast 20th avenue,999
1429 southeast hawthorne boulevard,999
1430 southeast main street,999
1434 southeast main street,999
1437 southeast birch street,999
1438 southeast main street,999
1440 southeast hawthorne boulevard,999
1444 southeast hawthorne boulevard,999
1445 southeast hawthorne boulevard,999
1465 southeast hawthorne boulevard,999
1502 southeast 21st avenue,999
1505 southeast madison street,999
1507 southeast madison street,999
1508 southeast 21st avenue,999
1515 southeast hawthorne boulevard,999
1521 southeast 21st avenue,999
1522 southeast madison street,999
1524 southeast madison street,999
1526 southeast elliott avenue,999
1529 southeast 20th avenue,999
1532 southeast clinton street,999
1533 southeast 21st avenue,999
1535 southeast 21st avenue,999
1537 southeast 21st avenue,999
1539 southeast 21st avenue,999
1540 southeast clinton street,999
1546 southeast ladd avenue,999
1550 southeast ladd avenue,999
1551 southeast poplar avenue,999
1553 southeast poplar avenue,1
1559 southeast elliott avenue,999
1561 southeast elliott avenue,999
1600 southeast division street,999
1601 southeast 11th avenue,999
1601 southeast main street,999
1605 southeast 21st avenue,999
1607 southeast 21st avenue,999
1608 southeast 20th avenue,999
1610 southeast 10th avenue,999
1611 southeast 11th avenue,999
1611 southeast 21st avenue,999
1612 southeast 21st avenue,999
1613 southeast 21st avenue,999
1614 southeast 10th avenue,999
1614 southeast 21st avenue,999
1615 southeast 21st avenue,999
1617 southeast 21st avenue,999
1618 southeast 10th avenue,999
1619 southeast 21st avenue,999
1619 southeast main street,999
1625 southeast hawthorne boulevard,999
1629 southeast hawthorne boulevard,999
1631 southeast main street,999
1632 southeast 10th avenue,999
1633 southeast main street,999
1635 southeast main street,999
1637 southeast main street,999
1647 southeast elliott avenue,999
1701 southeast elliott avenue,999
1701 southeast hawthorne boulevard,999
1702 southeast main street,999
1703 southeast clinton street,999
1704 southeast main street,999
1706 southeast main street,999
1708 southeast main street,999
1709 southeast clinton street,999
1709 southeast hawthorne boulevard,999
1711 southeast hawthorne boulevard,999
1715 southeast clinton street,999
1715 southeast hawthorne boulevard,999
1716 southeast elliott avenue,999
1718 southeast elliott avenue,999
1719 southeast hawthorne boulevard,999
1720 southeast 12th avenue,999
1721 southeast clinton street,999
1721 southeast elliott avenue,999
1721 southeast hawthorne boulevard,999
1722 southeast mulberry avenue,999
1723 southeast 12th avenue,999
1723 southeast clinton street,999
1724 southeast mulberry avenue,999
1725 southeast clinton street,999
1725 southeast elliott avenue,999
1725 southeast hawthorne boulevard,999
1727 southeast hawthorne boulevard,999
1729 southeast hawthorne boulevard,999
1734 southeast 12th avenue,999
1734 southeast main street,999
1736 southeast hawthorne boulevard,999
1736 southeast main street,999
1739 southeast hawthorne boulevard,999
1740 southeast hawthorne boulevard,999
1741 southeast elliott avenue,999
1742 southeast 12th avenue,999
1742 southeast elliott avenue,999
1743 southeast locust avenue,999
1745 southeast locust avenue,999
1747 southeast elliott avenue,999
1748 southeast elliott avenue,999
1752 southeast hawthorne boulevard,999
1758 southeast hawthorne boulevard,999
1802 southeast clinton street,999
1804 southeast madison street,999
1806 southeast madison street,999
1808 southeast clinton street,999
1808 southeast main street,999
1810 southeast main street,999
1812 southeast main street,999
1814 southeast clinton street,999
1818 southeast clinton street,999
1819 southeast main street,999
1825 southeast main street,999
1827 southeast main street,999
1844 southeast hawthorne boulevard,999
1852 southeast hawthorne boulevard,999
1852 southeast poplar avenue,999
1864 southeast hawthorne boulevard,999
1903 southeast 12th avenue,999
1903 southeast main street,999
1907 southeast 12th avenue,999
1915 southeast main street,999
1920 southeast 10th avenue,999
1921 southeast hawthorne boulevard,999
1922 southeast 10th avenue,999
1924 southeast 10th avenue,999
1925 southeast hawthorne boulevard,999
1928 southeast 10th avenue,999
1935 southeast hawthorne boulevard,999
1949 southeast division street,0
1960 southeast hawthorne boulevard,0
1994 southeast ladd avenue,999
2000 southeast 11th avenue,999
2000-2004 southeast 10th avenue,999
2003 southeast hawthorne boulevard,999
2005 southeast hawthorne boulevard,999
2007 southeast division street,999
2007 southeast hawthorne boulevard,999
2010 southeast 20th avenue,999
2010 southeast division street,999
2011 southeast clinton street,999
2011 southeast main street,999
2013 southeast clinton street,999
2015 southeast clinton street,999
2015 southeast hawthorne boulevard,999
2017 southeast hawthorne boulevard,999
2021 southeast hawthorne boulevard,999
2023 southeast hawthorne boulevard,999
2023 southeast madison street,999
2024 southeast sherman street,999
2025 southeast hawthorne boulevard,999
2025 southeast madison street,999
2026 southeast sherman street,999
2027 southeast larch avenue,999
2027 southeast madison street,999
2029 southeast larch avenue,999
2029 southeast market street,999
2032 southeast 11th avenue,999
2033 southeast elliott avenue,1
2034 southeast 11th avenue,999
2035 southeast main street,999
2035 southeast market street,999
2036 southeast 11th avenue,999
2037 southeast hawthorne boulevard,999
2037 southeast main street,999
2038 southeast 11th avenue,999
2041 southeast hawthorne boulevard,999
2044 southeast 12th avenue,1
2045 southeast madison street,999
2046 southeast 12th avenue,1
2047 southeast madison street,999
2049 southeast madison street,999
2051 southeast madison street,999
2101 southeast clinton street,999
2103 southeast clinton street,999
2106 southeast main street,999
2108 southeast main street,999
2110 southeast main street,999
2111 southeast clinton street,999
2112 southeast main street,999
2113 southeast clinton street,999
2115 southeast clinton street,999
2118 southeast main street,999
2119 southeast clinton street,999
2120 southeast main street,999
2123 southeast clinton street,999
2127 southeast clinton street,999
2129 southeast clinton street,999
2129 southeast ladd avenue,999
2131 southeast 11th avenue,999
2131 southeast ladd avenue,999
2133 southeast madison street,999
2135 southeast madison street,999
2146 southeast 12th avenue,999
2148 southeast 12th avenue,999
2200 southeast ivon street,999
2203 southeast madison street,999
2205 southeast madison street,999
2208 southeast ivon street,999
2209 southeast orange avenue,999
2211 southeast orange avenue,999
2212 southeast ivon street,999
2217 southeast orange avenue,999
2221 southeast orange avenue,999
2236 southeast 10th avenue,999
2250 southeast 11th avenue,999
2307 southeast 22nd avenue,999
2311 southeast 22nd avenue,999
2324 southeast 11th avenue,999
2340 southeast 11th avenue,999
2421 southeast 11th avenue,999
2429 southeast 11th avenue,999
2435 southeast 11th avenue,999
2445 southeast 11th avenue,999
2456 southeast tamarack avenue,999
2458 southeast tamarack avenue,999
2460 southeast tamarack avenue,999
2503 southeast 17th avenue,999
2505 southeast 11th avenue,999
2505 southeast 14th avenue,999
2505 southeast 17th avenue,999
2510 southeast 16th avenue,999
2515 southeast 18th avenue,999
2517 southeast 18th avenue,999
2523 southeast 22nd avenue,999
2526 southeast 13th avenue,999
2528 southeast 13th avenue,999
2545 southeast 17th avenue,999
2547 southeast 17th avenue,999
2585 southeast 13th avenue,999
2604 southeast 17th avenue,999
2606 southeast 17th avenue,999
2610 southeast 22nd avenue,999
2612 southeast 22nd avenue,999
2614 southeast 22nd avenue,999
2615 southeast 15th avenue,999
2616 southeast 22nd avenue,999
2617 southeast 15th avenue,999
2620 southeast 17th avenue,999
2621 southeast 18th avenue,999
2623 southeast 18th avenue,999
2625 southeast 18th avenue,999
923 southeast madison street,999
980 southeast madison street,999
